<?xml version="1.0" encoding="UTF-8"?>
<OAI-PMH
	xmlns="http://www.openarchives.org/OAI/2.0/"
	xmlns:xsi="http://www.w3.org/2001/XMLSchema-instance"
	xmlns:europeana="http://www.europeana.eu/schemas/ese/"
	xmlns:dc="http://purl.org/dc/elements/1.1/"
	xmlns:dcterms="http://purl.org/dc/terms/" xsi:schemaLocation="http://www.openarchives.org/OAI/2.0/ http://www.openarchives.org/OAI/2.0/OAI-PMH.xsd">
	<ListRecords>
		<record>
			<metadata>
				<axmpr
					xmlns="https://api.museion.cz/schema/axmpr" xsi:schemaLocation="https://api.museion.cz/schema/axmpr  https://api.museion.cz/schema/axmpr-v1.0.xsd">
					<PublikacePredmetu
						xmlns="">
						<id>9554859</id>
						<inventarniCislo>A0000127</inventarniCislo>
						<nazev>Sekera</nazev>
						<popis>Broušená plochá sekera s kónickým otvorem a souměrně zbroušeným ostřím </popis>
						<rozmer>163 mm x 65 mm x 38 mm</rozmer>
						<konvDatace>Neolit - eneolit</konvDatace>
						<konvLokalita>Lokalita neznámá</konvLokalita>
						<konvMaterial>kámen</konvMaterial>
						<poznamka>záznam získán harvestingem OAI-PMH dne 7.3.2016</poznamka>
						<autorskaPrava>http://www.europeana.eu/rights/rr-f/</autorskaPrava>
						<datumPublikace>2015-12-21+01:00</datumPublikace>
						<datumModifikace>2020-01-14+01:00</datumModifikace>
						<Datace>
							<start>-100000057000101</start>
							<end>-100000044001231</end>
							<snad>false</snad>
							<snad2>false</snad2>
							<dataceNazvemPublic>
								<setSpec>DataceNazvemPublic</setSpec>
                                <oaiId>oai:esbirky.cz:~dataceNazvemPublic~313166</oaiId>
                                <label>Pravěk - střední Evropa|Neolit</label>
                                <id>313166</id>
                            </dataceNazvemPublic> 
						</Datace>
						<typSbirkyPublic>
							<setSpec>TypSbirkyPublic</setSpec>
                            <oaiId>oai:esbirky.cz:~typSbirkyPublic~17115</oaiId>
                            <label>Archeologické sbírky</label>
                            <id>17115</id>
						</typSbirkyPublic>
						<materialPublic>
							<setSpec>MaterialPublic</setSpec>
                            <oaiId>oai:esbirky.cz:~materialPublic~17269</oaiId>
                            <label>Nerost|Kámen jako stavební surovina</label>
                            <id>17269</id>
						</materialPublic>
						<lokalitaPublic>
	                        <setSpec>LokalitaPublic</setSpec>
                            <oaiId>oai:esbirky.cz:~lokalitaPublic~17193</oaiId>
                            <label>Evropa|Česká republika|Hlavní město Praha</label>
                            <id>17193</id>
						</lokalitaPublic>
						<typPredmetu>P</typPredmetu>
						<KontextovyDokument>
							<id>9554861</id>
							<nahled>true</nahled>
							<url>http://sbirky.muzeumprahy.cz/img.php?id=34022807</url>
							<poznamka>záznam získán harvestingem OAI-PMH dne 16.12.2015</poznamka>
							<licenceCc>false</licenceCc>
							<typPrilohy>URL</typPrilohy>
						</KontextovyDokument>
						<sbirka>
				            <setSpec>Sbirka</setSpec>
                            <oaiId>oai:esbirky.cz:MMP~sbirka~3458476</oaiId>
                            <label>S</label>
                            <id>3458476</id>		
						</sbirka>
						<spravceSbirky>
                            <setSpec>SpravceSbirky</setSpec>
                            <oaiId>oai:esbirky.cz:MMP~spravceSbirky~3458471</oaiId>
                            <label>MMP</label>
                            <id>3458471</id>
						</spravceSbirky>
						<podsbirka>
                            <setSpec>Podsbirka</setSpec>
                            <label>1</label>
                            <id>3458477</id>
						</podsbirka>
						<fond>
                            <setSpec>Fond</setSpec>
                            <label>A</label>
                            <id>3459877</id>
						</fond>
						<skupina>
                            <setSpec>Skupina</setSpec>
                            <label>SI</label>
                            <id>9491070</id>
						</skupina>						
					</PublikacePredmetu>
				</axmpr>
			</metadata>
		</record>
	</ListRecords>
</OAI-PMH>
